member_id,name,age,email,phone,zip_code
MEM-00001,Allison Hill,65,donaldgarcia@example.net,+1-219-560-0133,94351
MEM-00002,Kimberly Robinson,66,lisa02@example.net,(254)923-5116x15594,70785
MEM-00003,Thomas Miller,20,maria95@example.net,610.934.1316,83821
MEM-00004,Carla Kelly,56,jacqueline19@example.net,(783)227-6483,30522
MEM-00005,Renee Morales,56,clarksherri@example.net,837-767-2423x88496,29247
MEM-00006,Brenda Snyder PhD,61,hernandezernest@example.net,(791)366-9784x80184,38970
MEM-00007,Jesse Mckay,50,teresa28@example.org,+1-948-293-2528x8095,15163
MEM-00008,Sherry Decker,63,john39@example.org,671-882-2782,28261
MEM-00009,Nicole Vaughn,44,raymond57@example.net,213.331.5098x393,93279
MEM-00010,Crystal Whitehead,55,chad34@example.net,838.729.9737x6311,56020
MEM-00011,Scott Brown,75,brownjessica@example.org,933.587.2624,10381
MEM-00012,Scott Pierce,30,pearsonamber@example.org,432-867-7360,00783
MEM-00013,Mrs. Rachel Gibson,43,uhorton@example.net,+1-972-434-3098x05009,07956
MEM-00014,Angela Lopez,76,leonardjoe@example.org,001-739-690-9169,27273
MEM-00015,Emily Baker,62,emilyevans@example.com,001-310-579-9118x38425,48935
MEM-00016,Jeffrey Daniels,77,cheryl80@example.net,+1-641-624-1182,79777
MEM-00017,Grant Watts,80,william40@example.org,+1-264-300-5242x7868,10363
MEM-00018,Melissa Hernandez,64,davenportbrandi@example.org,(420)545-0533x15869,21800
MEM-00019,Rita Keith,67,whitesandra@example.com,+1-534-221-6073x37543,87012
MEM-00020,Garrett Lin,77,michael86@example.net,+1-350-814-2940,45810
MEM-00021,Emily Obrien,63,cruzbarbara@example.com,7607883561,87452
MEM-00022,Michelle Evans,56,elizabeth56@example.net,682-636-6299x4680,28050
MEM-00023,Kevin Pena,41,rramos@example.org,272.214.8951x34332,32593
MEM-00024,Miss Patricia Gibson,69,jennifercruz@example.com,220.516.3287,16407
MEM-00025,Robert Contreras,51,stephanie79@example.net,968.372.7743x48734,94026
MEM-00026,Devon Flores,64,taylorjesse@example.net,(231)566-5876,55570
MEM-00027,Randy Shah,39,gateskathy@example.com,805.946.6889x3734,04305
MEM-00028,Michael Yates,38,marycalhoun@example.net,+1-906-499-0162,07091
MEM-00029,Garrett Gibson,62,kathleen64@example.com,517-208-0531x003,81940
MEM-00030,Cameron Caldwell,36,stevenscott@example.com,(699)812-4190,52491
MEM-00031,Christina Vargas,75,curtisbarton@example.net,+1-819-905-8651x850,14334
MEM-00032,Jack Snow,56,bzimmerman@example.org,001-684-998-7769x4531,32464
MEM-00033,Laura Barnett,72,anthony52@example.com,554.354.9480,32136
MEM-00034,Katherine Chang,27,fbrewer@example.com,9147363495,56272
MEM-00035,Krista Bell MD,65,john13@example.com,682-333-7498,25944
MEM-00036,Isaac Turner,39,joshuamccann@example.net,627-910-9477x7520,15454
MEM-00037,Jennifer Jones,48,hernandezlisa@example.com,831-986-9993,58529
MEM-00038,Kevin Patterson,72,lynchjody@example.org,+1-934-612-3281x2067,04779
MEM-00039,Michael Warner,20,ojones@example.com,+1-693-661-8324x2102,58061
MEM-00040,Michael Lyons,49,vincent77@example.org,+1-606-259-4013x990,99626
MEM-00041,Joseph Ramos,19,howard96@example.net,817.256.5512x5674,60115
MEM-00042,David Wilson,48,ahancock@example.net,+1-976-203-8597,27181
MEM-00043,Carlos Roberts,56,omartinez@example.net,324.980.8613,15897
MEM-00044,Brittany Cantu,64,william46@example.com,737.682.6398x2146,00837
MEM-00045,Edwin Matthews,24,cgrimes@example.net,855.288.6753x3963,42205
MEM-00046,Michele Shepherd,75,ymcneil@example.net,(370)928-9517,02512
MEM-00047,Jennifer Pena,54,charlesharrington@example.com,696-515-8657x80913,98381
MEM-00048,William Hodges,42,wallaceheather@example.org,8504455623,22781
MEM-00049,Leon Reyes,46,tyleraguilar@example.org,647.840.7482x175,90981
MEM-00050,Ryan Gonzalez,75,gcastaneda@example.org,(995)694-4064x0909,30663
MEM-00051,Heather Fields,60,erica21@example.net,+1-504-470-9521x4562,71202
MEM-00052,Holly Shaw,44,maria47@example.com,001-651-371-2368x5160,60110
MEM-00053,Paul Baker,68,xcarson@example.org,+1-437-209-8593x17461,05378
MEM-00054,Johnathan Davis,53,paulwatson@example.net,001-786-592-6179x640,58616
MEM-00055,David Cox,63,amy50@example.com,531-371-3900x532,73142
MEM-00056,Daniel Kane,36,kim90@example.com,(728)542-1020,77683
MEM-00057,Christopher Williams,42,vfox@example.org,975.289.1783x9084,08473
MEM-00058,Dr. Jessica Rodriguez DDS,68,fjones@example.com,+1-621-924-9985x698,66764
MEM-00059,Annette Miles,27,russellbeasley@example.com,376-361-5654x52711,57107
MEM-00060,Parker Cain,80,willisanna@example.com,+1-416-956-0494x51983,29893
MEM-00061,Hayley Hawkins,29,farmeraudrey@example.com,+1-699-680-9402,45042
MEM-00062,Christopher Thomas,29,vjones@example.net,7186366752,95082
MEM-00063,Todd Carlson,45,moorekaren@example.org,+1-814-376-7976x43815,37626
MEM-00064,Leslie Rose,57,brandon69@example.org,2349324451,98413
MEM-00065,Carl Patel,70,vincentwhitaker@example.com,860-860-7159,93496
MEM-00066,Donna Sullivan,55,george97@example.net,(716)513-6968x164,44156
MEM-00067,Angela Schultz,75,rebeccabailey@example.net,+1-923-912-4329x2127,89778
MEM-00068,Kristy Reid,27,michelle52@example.com,377-644-9058,61022
MEM-00069,Anthony Decker,75,newmantiffany@example.org,+1-998-467-9807x935,08610
MEM-00070,Robert Monroe,41,wagnergerald@example.org,001-777-288-9255x466,83192
MEM-00071,Andrea Davis,38,umitchell@example.net,+1-625-819-2546x291,84844
MEM-00072,Robin Santiago,61,lucasrodney@example.com,4544235733,10615
MEM-00073,Richard Romero,75,stanleynancy@example.net,(296)822-2927,48250
MEM-00074,Cynthia Wallace,73,karen73@example.net,847.835.9774,21742
MEM-00075,Rebecca Taylor,79,brett75@example.net,481-841-2478,12522
MEM-00076,Courtney Hayes,37,sarah60@example.com,653.961.5305x15220,91736
MEM-00077,Olivia Harrison,72,bullockandrew@example.org,(389)286-1434,31753
MEM-00078,Riley Bryant,20,copelandvincent@example.net,7895324609,75299
MEM-00079,Matthew Miller,47,carlos88@example.net,380.767.0654x05153,17987
MEM-00080,Joshua Li,46,mariacohen@example.net,822.917.0430x3054,33703
MEM-00081,Matthew Mitchell,56,glennmartin@example.org,(366)876-5277x584,10846
MEM-00082,Zachary White,38,manuel15@example.net,647-296-2757x0596,10336
MEM-00083,Jennifer Palmer,49,stephaniethomas@example.net,+1-770-721-3556x90927,58689
MEM-00084,Laura Moreno,21,redwards@example.org,602-978-6814,28625
MEM-00085,Donna Hendricks DDS,61,taylorcharles@example.org,001-771-555-1884x422,16408
MEM-00086,Dr. Cynthia Snyder,47,angela57@example.net,(891)314-6786,16927
MEM-00087,Maria Cole,29,david89@example.org,001-626-380-1824x22535,33348
MEM-00088,Tyler Hill,26,christina18@example.net,(299)222-9959,11147
MEM-00089,Martin Ray,45,katiebutler@example.net,9783447364,90758
MEM-00090,Jeffrey Washington,38,matthewthomas@example.net,556-425-8815x37147,13190
MEM-00091,Tony Lin,18,kwright@example.com,001-953-227-8774,12303
MEM-00092,Kathy Levy,67,brandywilliams@example.com,297.848.0162x4565,07206
MEM-00093,Chloe Tran,66,hughesshannon@example.net,599-812-1655x852,66047
MEM-00094,Andrew Reeves,57,jstone@example.net,925.695.2694x95888,62746
MEM-00095,Isabella Nunez,51,ysilva@example.net,001-809-474-9930x972,89725
MEM-00096,Kenneth Graves,79,andrewedwards@example.org,(836)789-7028x38578,23200
MEM-00097,Joseph Payne,46,chelsea33@example.com,+1-743-644-3757,38222
MEM-00098,Michael James,49,xcardenas@example.org,604-415-7473x3848,14817
MEM-00099,Laurie Sanchez,18,danawilliams@example.com,271-320-8267x73454,85999
MEM-00100,Kimberly Sharp,67,gentrygregory@example.org,3677240049,37799
MEM-00101,Martin Warren,61,melissamcdonald@example.org,552-474-2054,80580
MEM-00102,Stephanie Wilcox,25,christopher12@example.org,253.604.6374x5499,86180
MEM-00103,David Contreras,39,zparker@example.net,841.945.9332x72795,99768
MEM-00104,Mary Robinson,69,erinlarson@example.org,478.751.9108x83982,68703
MEM-00105,Michael Love,21,gdavis@example.com,9726867908,95302
MEM-00106,David Smith,68,bethwilliams@example.com,001-718-801-7046x226,59291
MEM-00107,Susan Bennett,31,desireebailey@example.org,+1-868-823-0047,30603
MEM-00108,Gregory Hill,32,johnsondonna@example.net,001-903-531-1907x90306,71248
MEM-00109,Scott Brown,71,jim95@example.net,+1-453-842-8364x408,73357
MEM-00110,William David DDS,52,heather62@example.com,(428)873-3427x0866,32332
MEM-00111,Gary Miller,66,fboone@example.net,001-930-546-9901x3983,44143
MEM-00112,Terry Lewis,74,suzannewilson@example.com,993.763.8546,40926
MEM-00113,Jose Crawford,39,langjennifer@example.com,655.860.9320,39192
MEM-00114,Gary James,20,victorpena@example.net,247-377-2522x87280,88085
MEM-00115,Aaron Taylor,24,carloshernandez@example.org,275.609.9770x08860,70721
MEM-00116,Alicia Li,66,ldrake@example.org,682-833-9845,10858
MEM-00117,Jared Cunningham,38,kevinclayton@example.org,+1-801-766-6870x0217,74668
MEM-00118,Valerie Jacobson,22,hallrachel@example.net,001-474-701-4890,02553
MEM-00119,Laurie Goodwin,62,thickman@example.org,001-739-268-5621,13304
MEM-00120,Ryan Peterson,63,unovak@example.org,+1-647-573-5866x2961,93969
MEM-00121,Derrick James,59,jodistewart@example.org,404-875-4121,59331
MEM-00122,Kayla Garcia,80,gomezchristopher@example.net,460-646-6183x98262,39970
MEM-00123,Charles Jackson,29,robert71@example.com,737-899-3712x406,43694
MEM-00124,Jeffrey Colon,20,kevinmorrison@example.net,575.726.5479,49791
MEM-00125,Richard Diaz,59,brittanygardner@example.net,001-480-873-7416x72434,49913
MEM-00126,William Mendoza,23,sferguson@example.com,+1-405-289-1135,74323
MEM-00127,Miss Jennifer Goodwin,41,grodriguez@example.com,888.989.9375,89571
MEM-00128,Kathryn Cooper,24,webbkenneth@example.org,725-945-7387,13296
MEM-00129,Michael Flores,42,bradley10@example.com,+1-812-438-2825x8673,24931
MEM-00130,Jessica Johnson,49,shannonjordan@example.org,001-933-341-9182x553,34888
MEM-00131,Katherine Church,54,candice96@example.net,355-479-2499,41550
MEM-00132,Eric White,32,williambarnes@example.org,001-966-627-8282,18889
MEM-00133,Ryan Harvey,78,stephanie72@example.org,(588)676-7677x2190,04786
MEM-00134,Joshua Jackson,55,xcunningham@example.com,+1-281-991-4858,72112
MEM-00135,Jeffery Fitzgerald,56,kennethkidd@example.com,451-571-3395x962,27625
MEM-00136,Laura Patel,51,mariopadilla@example.com,001-448-512-6042,19669
MEM-00137,Sandra Juarez,45,kburns@example.net,766-271-1684x577,96540
MEM-00138,William Reid,56,melissa86@example.org,(237)345-4589x29750,82575
MEM-00139,Julia Martinez,52,scottsmith@example.com,724.424.1541,07288
MEM-00140,Eric Lyons,42,rubendavis@example.org,2372129387,91674
MEM-00141,Bryan Dalton,28,timperez@example.org,001-211-455-4262x2189,58185
MEM-00142,Daniel Goodman,68,cjensen@example.org,412-519-6565,36803
MEM-00143,Danielle Burke,39,kimberly04@example.org,398.236.4037x61379,47830
MEM-00144,Bonnie Valencia,75,rdiaz@example.org,001-871-809-1043x00684,92488
MEM-00145,Martin Medina,56,joshuacollins@example.net,528.256.9146,32545
MEM-00146,Jeffrey Chavez,45,parkerjudith@example.net,(610)420-2758,49242
MEM-00147,Richard Adams,51,wiseanthony@example.com,481-749-1778x507,21119
MEM-00148,Brian Berry,41,perezwilliam@example.org,8305756220,42680
MEM-00149,Thomas Flores,80,duncandavid@example.net,6237806174,11823
MEM-00150,Aimee Gonzalez,37,jodi37@example.com,001-573-783-2060,83855
MEM-00151,Sherry Tapia,64,blakenicholas@example.net,001-541-838-3670x2410,92362
MEM-00152,Judy Adkins,80,wagnerdana@example.com,799-806-2344,92346
MEM-00153,Erika Chavez,66,charlesharris@example.net,721-527-7561,59734
MEM-00154,Derek Wilson,30,lindseytorres@example.net,001-690-635-2135x680,23290
MEM-00155,Jared Chavez,76,codygarcia@example.org,600-332-3651,03358
MEM-00156,Christina Brewer PhD,42,steinmaria@example.com,207-802-9667,90051
MEM-00157,Hector Odonnell,21,joshua20@example.net,+1-493-847-6870x146,26644
MEM-00158,Rebecca Wright,71,mayokimberly@example.com,587.259.8564x2059,37323
MEM-00159,William Moreno,76,terrigarcia@example.net,448.503.9652,78163
MEM-00160,Oscar Howard,57,warnermichael@example.net,001-229-337-8427,07863
MEM-00161,Daniel Fox,73,riverachristina@example.org,325-700-2921x85156,40053
MEM-00162,William Oconnor,49,fconner@example.net,828-295-3926x44220,24366
MEM-00163,Tammy Ponce,76,daniellegarcia@example.com,(951)235-5215,35262
MEM-00164,Michael Bell,32,lebrandon@example.com,001-462-967-6586x1793,10162
MEM-00165,Amanda Smith,54,stephanie15@example.org,(821)481-5997x0629,07520
MEM-00166,Daniel Lee,67,donna43@example.org,8693872050,39108
MEM-00167,Lori Castillo,25,johnsongeorge@example.com,871-446-7741,49131
MEM-00168,Jaclyn Griffin,65,scott43@example.com,001-502-211-5869,51239
MEM-00169,Jennifer Nichols,33,parmstrong@example.com,416-508-9899x2172,25761
MEM-00170,Jay Mcneil,29,oharris@example.org,+1-945-211-6868x548,92305
MEM-00171,Kelly Barnes,53,khernandez@example.net,001-611-891-4856,86325
MEM-00172,Mr. Andrew Hill,22,christinebecker@example.com,7656307450,41257
MEM-00173,John Horton,61,comptonjeremy@example.com,001-775-246-9137x3678,68038
MEM-00174,Ana Mckinney,67,htaylor@example.net,7235303070,36411
MEM-00175,John Sanders,78,maldonadojohn@example.com,+1-272-879-8552x414,07008
MEM-00176,Kenneth Hanna,19,deborahbyrd@example.com,+1-668-600-7229x0349,56050
MEM-00177,Sarah Stevens,31,stevenbyrd@example.net,(391)708-5899x4417,36740
MEM-00178,Shannon Green,38,jacob83@example.org,+1-565-720-7446x660,95731
MEM-00179,Melissa Little,73,qknox@example.com,542.782.4172x48251,29773
MEM-00180,Elizabeth French,67,nathan94@example.com,370-899-9173,69947
MEM-00181,Anthony Dickerson,77,victoriacooper@example.net,625.521.7525x007,22600
MEM-00182,Brooke Glover,59,andersonryan@example.com,(267)260-0835x0583,82642
MEM-00183,Courtney Wiley,65,david68@example.net,721-904-4789x8562,47588
MEM-00184,Carmen Meadows,25,osmith@example.net,(830)698-2150,70589
MEM-00185,Linda Williams,37,valdezandrew@example.net,567-261-8472,39968
MEM-00186,Brian Meyer,78,robertroach@example.net,001-791-841-1739x3483,39213
MEM-00187,Joshua Lozano,77,arivera@example.org,+1-611-997-2181x14374,07065
MEM-00188,Christopher Williams,38,michael56@example.net,610-302-2557,49341
MEM-00189,Catherine Morales,23,ynelson@example.net,462.812.0216x9797,47503
MEM-00190,Shari Hobbs,50,timothyfreeman@example.com,301.845.0899x358,87233
MEM-00191,Karen Alvarado,55,jhernandez@example.net,7025877217,43872
MEM-00192,Amber Walker,70,ppowell@example.org,879.871.7751x701,05197
MEM-00193,April Davis,44,pamela83@example.net,+1-375-350-3758x99757,86865
MEM-00194,Glenn Gallegos,21,amy51@example.org,(372)861-4933,28758
MEM-00195,Richard Love,59,shermanbrandon@example.net,+1-991-477-9827x08086,91178
MEM-00196,Monica Anderson,29,msandoval@example.com,666.793.4654x72269,93807
MEM-00197,Kristen Robinson,54,claudiaroberts@example.com,+1-622-888-5158x79968,02174
MEM-00198,Allison Thomas,76,gonzalezkaren@example.org,542-804-3805x7198,31643
MEM-00199,Rebecca Horton,55,housepaul@example.net,580-604-3973x59893,59328
MEM-00200,Michael Lopez,33,jillwilson@example.org,(748)242-2940x57202,82469
MEM-00201,Mary Henry,54,charles58@example.org,(381)782-6886,29493
MEM-00202,Mary Rivera,57,jeffery98@example.com,+1-201-757-3993,50488
MEM-00203,Theresa Cruz,48,angel85@example.net,377.504.3581x12880,88363
MEM-00204,Christy Jennings,45,harrismaria@example.net,001-361-520-7501x10248,34402
MEM-00205,Jerry Sullivan,79,andre18@example.org,+1-691-990-1581x4491,50493
MEM-00206,Matthew Wells,24,derekmyers@example.net,824-350-8821x0099,40437
MEM-00207,Patrick Swanson,35,robertbrewer@example.net,(222)939-4312,84999
MEM-00208,Donna Jones,29,gonzalezbeverly@example.com,(623)414-9135x775,74629
MEM-00209,Rhonda Benjamin,48,adamsanchez@example.org,001-364-452-5777x547,85114
MEM-00210,Sarah Trevino,49,patriciagonzalez@example.net,+1-611-908-0996x9308,86210
MEM-00211,Holly Walker,25,dennis88@example.org,(458)903-9282x7229,47529
MEM-00212,Philip Hall,35,mike03@example.net,(467)870-0518x449,86179
MEM-00213,Kevin Villanueva,27,blacknicholas@example.org,665.557.7908x27231,20193
MEM-00214,Jack Love,61,guerrerorobert@example.com,001-417-477-3926x0302,83016
MEM-00215,Stephanie Thomas,21,jonathanwhite@example.com,+1-890-441-3797x723,76869
MEM-00216,Catherine Keller,71,gary57@example.net,001-813-466-2103,79866
MEM-00217,John Mendez,20,richamanda@example.org,772-298-0686,91942
MEM-00218,Crystal Lang,51,zbell@example.net,001-591-262-4731x49864,93450
MEM-00219,Adrienne Mills,78,brooksjamie@example.com,(851)526-9448x69594,54663
MEM-00220,Kristin White,40,tking@example.net,(262)413-7213x865,51501
MEM-00221,Abigail Davis,21,thomasburke@example.org,643-251-9066,23474
MEM-00222,Jessica Harris,33,james98@example.net,001-739-820-5302x146,53644
MEM-00223,Kelly Mclaughlin,24,calhounandrea@example.net,+1-895-254-3937,34724
MEM-00224,Jonathan Hansen,53,matthew18@example.com,+1-994-976-9735,77417
MEM-00225,Karen Scott,69,oschultz@example.net,001-835-765-8804x341,10466
MEM-00226,Cassandra Edwards,75,patriciaadams@example.net,+1-337-333-3433x33952,10788
MEM-00227,Mary Austin,18,charlesnathan@example.com,894.972.8463x9208,71380
MEM-00228,Gregory Dalton,53,stephenmartinez@example.net,450.603.6915x594,31583
MEM-00229,Tyler Cooper,32,victorclark@example.net,001-855-864-7292x93143,26199
MEM-00230,Tyler Hernandez,51,thompsonvictor@example.net,685.974.4890x61203,83058
MEM-00231,Patrick Green,60,ann45@example.org,(915)393-9982x45587,50448
MEM-00232,Julie Frye,50,daniellemcfarland@example.com,+1-899-661-1253x5544,58814
MEM-00233,Teresa Adkins,61,lgutierrez@example.org,(334)913-2611,72385
MEM-00234,Randy Warren,67,garciachristine@example.org,+1-764-733-4722x8200,62911
MEM-00235,Seth Donovan,60,staylor@example.net,(799)979-6884,71236
MEM-00236,Brandon Parker,27,tgreen@example.org,9826547807,01698
MEM-00237,Rebecca Harper,37,kelleyjacob@example.net,(663)626-6341x63894,54621
MEM-00238,Barry Taylor,23,walshchristine@example.com,001-697-635-0208x021,16890
MEM-00239,Monica Hall,66,alexisrobinson@example.com,975-470-5120x4618,25692
MEM-00240,Danielle James,48,martinezkayla@example.org,(473)203-7183x7645,98113
MEM-00241,Kelly King,59,james03@example.org,565.202.4916,06005
MEM-00242,Melissa Barker,52,nathandavis@example.org,719.750.0528x1273,58004
MEM-00243,Alison Gray,73,johnwilliams@example.net,684.487.3928x557,09528
MEM-00244,Joanna Weiss,40,shawn86@example.net,(809)559-3518,69191
MEM-00245,Pamela Moore,37,marcus51@example.org,910.622.0317x31096,06934
MEM-00246,Larry Jones,27,dianahebert@example.org,605.386.5094x801,28799
MEM-00247,Anne Hardy,39,hlopez@example.net,992.888.6195,14145
MEM-00248,Christopher Morales,75,diane89@example.com,(558)855-6659x398,72621
MEM-00249,Dawn Nixon,65,amoyer@example.net,5495082404,41776
MEM-00250,Rodney Norris,61,samantha88@example.net,001-721-507-5224,31040
MEM-00251,Eric Duncan,45,jessicacummings@example.com,(379)219-4096,44330
MEM-00252,Robert Butler,57,kanejeremy@example.net,+1-506-404-8058x925,07122
MEM-00253,Yolanda Maddox,22,walkerkeith@example.com,(625)317-9086,52736
MEM-00254,Patricia Anderson,80,timothygonzalez@example.com,+1-393-389-8331x4659,88548
MEM-00255,Jacob Lee,68,brittney04@example.org,(397)292-7033x521,32357
MEM-00256,Tammy Melton,75,alexander14@example.com,405.238.3388x4879,49863
MEM-00257,Mary Williams,74,briangonzalez@example.net,+1-840-570-1645x104,50400
MEM-00258,Michelle Mckee,29,idelacruz@example.org,(638)778-0038,64717
MEM-00259,Christopher Reed,69,michael43@example.net,304-860-8432x562,68752
MEM-00260,Lisa Garrett,39,robertberry@example.com,495-878-2329x8324,19526
MEM-00261,Krystal Moore,45,grantstacy@example.org,(652)405-6647,25133
MEM-00262,Cody Farmer,80,catherine93@example.net,930.751.7289,24615
MEM-00263,Katherine Taylor,20,jeremyortiz@example.org,563-833-1279x757,53567
MEM-00264,Lisa Holloway,41,phillip99@example.net,208.517.7038x86086,38666
MEM-00265,Stephen Ayala,18,steven64@example.net,4828771812,54707
MEM-00266,Alexander Chavez,41,nicoledavis@example.com,001-421-811-7518x689,72635
MEM-00267,Randy Barr,31,fernandothomas@example.net,5642474212,82101
MEM-00268,Alexandria Jimenez,66,astephens@example.net,633.597.7671x9903,06912
MEM-00269,Anthony Bailey,49,melissaestrada@example.net,451-901-6224x9998,98717
MEM-00270,Tara Davis,72,marcus61@example.com,+1-814-572-1458,91704
MEM-00271,Anthony Duncan,54,webbhaley@example.net,969-954-8995x2997,24081
MEM-00272,Crystal Roberts,59,aaronjohnson@example.net,539-266-0558,84468
MEM-00273,Douglas Tyler,50,kevin85@example.org,755-769-9023,88643
MEM-00274,John Johnson,33,timothyburton@example.net,776-308-4958x80395,20070
MEM-00275,Andre Terrell,49,ashleyprice@example.net,745-904-6173,40167
MEM-00276,Eric Rodriguez,22,stricklandrobin@example.com,407.582.3578x45218,95471
MEM-00277,James Hancock,80,smithsarah@example.net,+1-715-570-1840x943,25738
MEM-00278,Joseph Mejia,50,nelsoneric@example.org,7986813858,19055
MEM-00279,Regina Andrews,46,charlesaustin@example.com,+1-270-320-7016,56398
MEM-00280,Michael Vance,58,tjensen@example.com,981.679.2171,90216
MEM-00281,Pamela Ruiz,36,douglashuang@example.com,(962)955-7701x715,22888
MEM-00282,Gregory Andrews,44,sullivanjennifer@example.org,981-848-7696x39382,09159
MEM-00283,Robert Garza,59,vbradley@example.net,001-332-919-7199x758,23592
MEM-00284,Jared George,41,pmurphy@example.net,6138290227,81185
MEM-00285,Christina Maldonado,41,kevin46@example.net,(219)209-8624x058,92691
MEM-00286,Veronica Rodriguez,70,michelle36@example.net,001-465-966-6683,18729
MEM-00287,James Middleton,22,qmoore@example.org,(401)802-7621,60273
MEM-00288,Melissa Conrad,46,shawncoleman@example.com,(753)226-9097x3846,05464
MEM-00289,Michele Wilson,73,fnixon@example.org,001-684-278-1891x3718,45530
MEM-00290,Alexandra Gibson,20,vberry@example.com,(444)220-9494x079,86526
MEM-00291,Rhonda Weber MD,27,martinezchase@example.com,929-744-4019x292,23490
MEM-00292,Michael Washington,67,cooperchristopher@example.org,+1-627-366-3723x950,07385
MEM-00293,James Turner,61,noahthornton@example.com,728-860-4765x801,80518
MEM-00294,Shannon Rogers,47,leah49@example.com,239.838.5258x001,13306
MEM-00295,Melissa Bell,32,johnathan00@example.net,409-839-1119,86535
MEM-00296,Maria Pratt,48,pauladominguez@example.com,871-774-6542x1406,08373
MEM-00297,Robert Thompson,59,vasquezsarah@example.net,(227)312-8639x1741,09730
MEM-00298,Danielle Griffin,71,ohernandez@example.org,9649256908,57655
MEM-00299,Nicholas Burnett,56,fernandezaaron@example.net,001-371-998-5546x01585,38506
MEM-00300,Cassandra Williams,69,tguerrero@example.net,(915)871-7320x3093,08757
MEM-00301,Maria Porter,52,blevy@example.org,205-406-1387x82931,64581
MEM-00302,Kaitlin Hardin,54,sanchezdeborah@example.org,(304)317-9291,65662
MEM-00303,Lisa Brown,19,ronaldcain@example.net,+1-365-619-8253x09251,19013
MEM-00304,Carol Wood,64,samuelfrost@example.org,(219)462-0710,12184
MEM-00305,Linda Campbell,54,nschwartz@example.org,+1-348-676-3290x9279,46094
MEM-00306,Justin Lee,20,montgomerymichelle@example.net,237.734.0312x77220,37864
MEM-00307,David Jensen,57,vwilliams@example.org,+1-922-707-8113,55428
MEM-00308,Michael Nguyen,41,nguyencorey@example.net,(436)831-7970x62397,49454
MEM-00309,Nathan Chen,67,james20@example.net,001-704-521-7762,39188
MEM-00310,Rachel Little,23,belindatran@example.org,268-873-9774,96993
MEM-00311,Danielle Hamilton,18,patriciavargas@example.org,001-806-900-7806,91812
MEM-00312,Jodi Allen,55,steelerichard@example.org,(954)231-0742,60117
MEM-00313,Charles Warner,64,kristywood@example.com,001-501-365-8046x498,81825
MEM-00314,Nancy Brown,48,pamela16@example.com,590.355.2818x325,85571
MEM-00315,Todd Carpenter,58,karenhodges@example.com,(348)964-0155x778,93539
MEM-00316,Samantha Lam,22,zoliver@example.net,001-613-371-1624x112,91868
MEM-00317,Chris Harris,80,cartertara@example.net,(275)567-0431,68608
MEM-00318,Jennifer Cooper,73,todd88@example.com,449.724.2437x540,37775
MEM-00319,Christopher Glass,60,ian22@example.org,410.559.2745,74227
MEM-00320,Mary Spence,74,nathanfernandez@example.org,+1-441-206-7275,97297
MEM-00321,Katie Holland,78,thomas49@example.net,(397)651-7028,03751
MEM-00322,Ryan Griffin,52,nguyencathy@example.org,001-383-843-0187,25987
MEM-00323,Larry Hunt Jr.,43,raymond65@example.com,(904)655-4781x376,21969
MEM-00324,Tracy Coleman,44,ltaylor@example.net,823-347-8519,01368
MEM-00325,Thomas Perry,60,wpage@example.org,626.948.7049,73807
MEM-00326,Courtney Moody,69,joseblanchard@example.net,714.962.7301x4719,74631
MEM-00327,David Jennings,33,brooksjessica@example.org,729-802-5725x204,83895
MEM-00328,Heather Roberts,62,palmerkatie@example.org,001-419-228-5544x51895,18451
MEM-00329,Jacqueline Washington,55,samantha21@example.org,(383)838-9888,60858
MEM-00330,Audrey Anderson,75,mendozalarry@example.com,(579)485-2401,91496
MEM-00331,Darrell Martinez,68,tinacoleman@example.org,207-960-3108,16088
MEM-00332,Amanda Turner,58,websterkimberly@example.net,793.725.0124,21545
MEM-00333,Phyllis Austin,39,garciabelinda@example.org,933.342.8013x87592,24205
MEM-00334,Vicki Coleman,24,rickjuarez@example.com,271-382-7548,43507
MEM-00335,James Bryant DDS,73,aperez@example.com,(431)875-2071x67811,53011
MEM-00336,Vanessa Figueroa,62,calvinhester@example.com,696.813.6749,47175
MEM-00337,Larry Sullivan,78,jdixon@example.com,214-377-3201,65792
MEM-00338,Valerie Reyes,50,eric99@example.org,001-218-277-3477x84858,56915
MEM-00339,Barbara Cole,74,cramos@example.org,(984)327-6246,75061
MEM-00340,Mary Jennings,68,kalvarez@example.net,7642796954,04190
MEM-00341,Bethany Richardson,45,hubbardcolleen@example.com,565-656-5033,78165
MEM-00342,Michael Melton,46,morganandrew@example.com,2767986407,50011
MEM-00343,Erica Davis,75,rgarcia@example.org,678-652-9456x37183,06731
MEM-00344,Kenneth Ballard,52,robbinsbelinda@example.net,741-598-7635x14846,54805
MEM-00345,Mario Chavez,20,nicoleburton@example.net,(297)537-4896,48247
MEM-00346,David Francis,26,megan65@example.org,+1-536-244-2493x6312,32690
MEM-00347,Emily Washington,36,chenderson@example.org,(942)204-4820,07752
MEM-00348,Angela Guzman,79,lesterrichard@example.com,+1-316-523-1981x89847,79120
MEM-00349,Robert Murphy,52,vshaffer@example.org,(732)312-3476x49078,41983
MEM-00350,Karen Sanchez,53,natasha25@example.com,001-754-309-0034x864,70612
MEM-00351,Shannon Price,67,qpennington@example.com,634-332-7560,64948
MEM-00352,Jason Randall,44,gmcdowell@example.org,001-448-915-6985x700,84531
MEM-00353,James Fuller,73,barbara12@example.org,329.865.7724x29543,48683
MEM-00354,Shawn Duffy,58,andrewjohnson@example.net,+1-693-417-3420x6969,12174
MEM-00355,Carolyn Bradley,76,higginsryan@example.com,+1-571-633-3447x62639,95752
MEM-00356,Jennifer Ortiz,29,anthonycherry@example.org,+1-573-859-7107x256,93359
MEM-00357,Kyle Jones,25,williamssarah@example.com,(499)200-4896x465,76586
MEM-00358,Christopher Vasquez,74,natalie21@example.com,001-886-624-1502x745,35001
MEM-00359,Pam Baker,24,ryan25@example.net,428.970.3203x2074,57704
MEM-00360,Steven Simpson,31,tkelly@example.net,677.512.1513x4228,76987
MEM-00361,Mrs. Pamela White DVM,27,kaylarhodes@example.com,2413659152,60824
MEM-00362,Mary Gibson,39,brooke05@example.org,+1-897-359-2304x5018,52780
MEM-00363,David Wise,22,ndavis@example.org,(764)521-4764x9251,64676
MEM-00364,James Adams,30,bdavis@example.com,+1-326-661-0857x327,61871
MEM-00365,Terry Woods,61,traceysutton@example.com,386.849.0810,54636
MEM-00366,Matthew Carroll,40,michael91@example.net,6177226016,77467
MEM-00367,Nicole Cole,30,matthew23@example.org,394-216-8006,23010
MEM-00368,Julia Sullivan,59,nturner@example.com,001-564-912-2031x030,85517
MEM-00369,David Wilkinson,36,christophercarrillo@example.org,560.612.2777x0793,75137
MEM-00370,Jenna Cook,46,mccoyjennifer@example.com,599.284.0767x8997,69747
MEM-00371,Kenneth Tran,59,patricia67@example.org,595.776.0243x7573,79419
MEM-00372,Michelle Mcdonald,24,jennifer66@example.net,+1-957-329-3417x2232,55024
MEM-00373,Katherine Young,64,kiddmichael@example.com,(522)980-1561x931,34294
MEM-00374,Rachel Hammond PhD,77,paula89@example.net,207-371-1991,22396
MEM-00375,Shelby Bartlett,72,jessicaerickson@example.net,712.655.2137x6037,66695
MEM-00376,Derek Espinoza,47,qward@example.org,(786)232-6667,58510
MEM-00377,Adam Drake,42,millerleroy@example.org,(706)202-9084x66845,37172
MEM-00378,Lisa Thomas,46,ngriffin@example.net,+1-497-656-3410x856,28515
MEM-00379,Juan Boyd,69,andrewzamora@example.net,001-643-746-8105,16729
MEM-00380,Matthew Martinez,54,ashley07@example.com,499.889.3544,68614
MEM-00381,Ashley Black,29,mackenzieward@example.org,(566)911-0627,10734
MEM-00382,Joseph Chapman,47,lwiggins@example.com,+1-367-576-2282x7728,60195
MEM-00383,Paul Raymond,21,sandra19@example.com,715-694-0821,49582
MEM-00384,John Moody,52,kristenfisher@example.com,632-970-1851x0679,44780
MEM-00385,Karen Cortez,28,kathleenwagner@example.com,001-277-925-1996x63658,96958
MEM-00386,Brandon Martin,59,armstronglaura@example.net,981-281-3989x0983,16266
MEM-00387,Kim Rivers,57,kristin39@example.com,789-856-9070,24160
MEM-00388,Scott Stewart,46,christopher18@example.org,222-241-2462x0952,39563
MEM-00389,Francisco Gutierrez,62,jonathan10@example.org,699.237.8861,42225
MEM-00390,Jason Washington,64,bschultz@example.com,+1-991-338-2496,83836
MEM-00391,Rachel Thomas,27,kimberlymedina@example.com,+1-270-907-9420,36323
MEM-00392,Sara James,79,megan39@example.net,802-589-1416x1284,80513
MEM-00393,Rebekah Henson,26,cynthia74@example.org,+1-455-837-9502x09700,73349
MEM-00394,Michele Farmer,42,cobbdebra@example.org,+1-407-215-6956,16854
MEM-00395,Timothy Wallace,75,juliachang@example.net,001-953-519-4337x504,01436
MEM-00396,Roberto Foster,52,ashley72@example.net,499.692.1921,75199
MEM-00397,Sierra Daniel,19,james08@example.net,987-906-0566x418,47879
MEM-00398,Amanda Griffith,78,ramirezrobert@example.com,706-635-1903x61332,08738
MEM-00399,Anne Castillo,69,watkinsconnie@example.com,931-373-5058x319,82466
MEM-00400,Calvin Villegas,43,bennettpamela@example.net,320-270-4961,73804
MEM-00401,Samuel Morales,31,mhall@example.net,+1-707-567-6991x507,14657
MEM-00402,Kurt Jones,73,rebeccamartinez@example.net,656-879-7232x002,67757
MEM-00403,Nicole Collins,65,dylanparker@example.com,550-589-2038x8065,84459
MEM-00404,Rachel Peterson,39,dneal@example.net,001-259-995-9465x217,29258
MEM-00405,Margaret Steele,37,phanson@example.com,001-356-436-2050x1508,38587
MEM-00406,Mark Durham,63,bradley03@example.org,323-242-5832x3024,89296
MEM-00407,Matthew Dyer,60,sharon47@example.org,(852)789-6112x233,42175
MEM-00408,Vanessa Sanchez,22,hinesbrenda@example.net,325-430-4289x7317,67166
MEM-00409,Stephen Potter,59,victor72@example.com,001-558-577-7496x903,59756
MEM-00410,Jennifer Torres,80,xduncan@example.com,+1-212-914-7853,67644
MEM-00411,Jessica Mcdonald,34,frichardson@example.com,360-627-3415x148,30351
MEM-00412,Benjamin Johnson,71,matthewleonard@example.com,243-992-8404x4566,86234
MEM-00413,Paige Hernandez,66,uperez@example.net,373.789.8775,25122
MEM-00414,Tom Butler,20,jcole@example.org,(829)624-0755x366,43240
MEM-00415,Latoya Johnson,55,ericcisneros@example.com,001-899-596-6361,62731
MEM-00416,Keith Hayes,39,christopher18@example.org,5975023164,38656
MEM-00417,Andrea Brown,42,jacksonmichele@example.com,(821)928-6716x3234,21312
MEM-00418,Teresa Matthews,32,ahill@example.org,216.393.8597x779,38238
MEM-00419,Tamara Reed,24,peter26@example.org,(296)576-2916,21201
MEM-00420,Mark Carter,25,wolfejennifer@example.org,568.215.1185x6724,61078
MEM-00421,Mark Lowe,59,vjames@example.com,960.904.1257,09444
MEM-00422,Matthew Reeves,64,rtaylor@example.org,(409)312-4186,88501
MEM-00423,Megan Hernandez,40,gregory08@example.org,508.516.4709x006,49606
MEM-00424,Christina Smith,74,haysmatthew@example.org,+1-513-812-2068x15583,56584
MEM-00425,Daniel Kelly,52,alexisvaldez@example.org,(937)331-4950x1364,93893
MEM-00426,Wanda Jefferson,45,johnathandavis@example.com,+1-862-552-5715x0997,66485
MEM-00427,Virginia Hall,77,parkerjoann@example.org,+1-510-925-7432x630,97396
MEM-00428,Brandy Stewart,47,meyertiffany@example.net,703-455-3380x3396,58482
MEM-00429,Amy Vasquez,69,brettbraun@example.org,(812)998-3381,41325
MEM-00430,Craig Coleman,23,kevinray@example.net,947.815.6627,66730
MEM-00431,Jessica Moore,54,ysmith@example.com,949-682-8246,59955
MEM-00432,Justin Castillo,60,derrick73@example.org,700.885.7666,64667
MEM-00433,William Jones,52,riddledavid@example.net,(836)845-8750,96925
MEM-00434,John Dorsey,58,crystal02@example.com,+1-872-343-9920x116,68466
MEM-00435,Sherri Martin,22,tking@example.net,+1-469-646-1195,98638
MEM-00436,Paul Hale,56,benitezlisa@example.org,716-486-4622,92781
MEM-00437,John Shaw,39,hayeslisa@example.org,402.334.6791,38921
MEM-00438,Caleb Brown,18,richardstimothy@example.net,001-610-904-0901x38069,62528
MEM-00439,Lindsey Rogers,25,yvonne35@example.net,(369)605-5107x6209,92155
MEM-00440,Danielle Hayes,60,qrobertson@example.org,9508505739,97390
MEM-00441,Angela Patterson,76,shatfield@example.org,001-664-993-2898x0271,22528
MEM-00442,Tina Olson,50,johnjackson@example.net,001-311-460-2564x347,70564
MEM-00443,Katherine Pope,30,monica99@example.org,+1-356-768-6334x1411,97570
MEM-00444,Chelsea Mcmahon,67,david56@example.net,001-504-309-8366x5528,52315
MEM-00445,Samuel Stewart,32,mary77@example.org,+1-542-909-5481x497,38707
MEM-00446,Jamie Zavala,25,eric33@example.net,001-702-876-4208x6567,51758
MEM-00447,Nicholas Campbell,33,jacquelinekelley@example.org,(959)904-7292,38653
MEM-00448,Christine Brock,44,jillsmith@example.net,001-912-466-2015,07378
MEM-00449,Jose Morgan,79,obooker@example.net,(830)613-6749x2617,83382
MEM-00450,Holly Wilson,51,martinezdarlene@example.net,409.899.7419,63964
MEM-00451,Dr. Elizabeth Martinez MD,67,richardhaynes@example.com,+1-588-371-8981,24181
MEM-00452,Melissa Smith,32,hmcbride@example.org,(393)621-8401,48153
MEM-00453,Carolyn Rowland,28,wrightbrandon@example.net,387-229-7585x9883,31578
MEM-00454,Charles Chase,49,susanguzman@example.org,001-654-829-6184,85667
MEM-00455,Jennifer Miller,42,erica28@example.org,443-759-8926,57337
MEM-00456,Victor Wright,37,david18@example.com,251-355-4234,49935
MEM-00457,Courtney Lynn,44,thompsonjessica@example.com,001-371-285-9484,22881
MEM-00458,Paul White,57,iwoods@example.com,7825226940,89396
MEM-00459,Michelle White,19,lauren84@example.com,(283)341-4651x11312,97941
MEM-00460,Timothy Stokes,80,haydenroger@example.net,001-727-578-8160x9306,97360
MEM-00461,Tami Kidd,57,lawsontami@example.net,001-783-321-5285x06762,44797
MEM-00462,Danielle Ryan,59,robertstimothy@example.com,909.263.4807,47129
MEM-00463,Joe Evans,45,smithpamela@example.org,(950)216-7318x8261,20899
MEM-00464,Danielle Ruiz,47,kevin62@example.net,517-672-2560x531,05777
MEM-00465,Jason Rivera,30,martinjames@example.com,+1-341-267-8725x68621,17032
MEM-00466,Jonathan Saunders,59,brettgallegos@example.com,+1-406-574-4716x392,37350
MEM-00467,Sharon Gamble,61,elizabethpatterson@example.com,001-218-692-3923x126,25690
MEM-00468,Jessica Jensen,64,linomar@example.net,733-656-7086x0414,46510
MEM-00469,Danielle Jacobson,64,blakewilliams@example.net,334-374-9162x47554,88181
MEM-00470,Juan Atkins,61,michael59@example.net,+1-253-543-9611x291,25788
MEM-00471,Tammy Jones,29,kevin73@example.net,001-820-323-6848x5571,63785
MEM-00472,Timothy Gordon,27,jacksonjoshua@example.org,809-803-6788x1278,53041
MEM-00473,Christine Smith,70,brittanysmith@example.net,288.544.3448x123,38753
MEM-00474,Charles Stephenson,50,josephgibbs@example.net,338.610.5955,95145
MEM-00475,Steven Phillips,35,garrettalex@example.com,642.540.8916,58459
MEM-00476,Derrick Perkins,41,omoore@example.net,001-965-427-1727x2239,85378
MEM-00477,Eric Mcclure,56,mmcdaniel@example.org,(216)337-6182,50029
MEM-00478,Brian Smith,28,andersonkayla@example.com,(490)901-8513,74275
MEM-00479,Robin Parker,23,dmoore@example.net,001-448-210-0184x186,29902
MEM-00480,Jeffery Hernandez,26,jeremiah61@example.com,(313)714-5195,11616
MEM-00481,Lindsey Thompson,76,carol62@example.net,+1-749-445-1475x41022,51697
MEM-00482,Robert Bray,50,wilsonronald@example.net,821-752-2655x767,18617
MEM-00483,Martha Sanchez,68,idunn@example.net,788.236.1968x9313,27145
MEM-00484,Alicia Grant DVM,31,brownmichael@example.org,272-886-3330x2126,49218
MEM-00485,Brian Perkins,37,kmonroe@example.org,(452)413-1096,62074
MEM-00486,Nicole Hale,23,theodore57@example.net,001-804-812-0092x820,89617
MEM-00487,Jordan Dawson,70,samantha84@example.net,862.241.8623,29193
MEM-00488,Rodney Daugherty,41,velasqueztaylor@example.com,+1-766-220-5634x1115,31896
MEM-00489,Joshua Jones,28,avilakyle@example.net,903.241.9909,06798
MEM-00490,Tony Smith,72,karen68@example.org,965-221-5681x82096,38527
MEM-00491,Michael Miller,66,cisnerosjesse@example.org,+1-822-288-9857x25459,93924
MEM-00492,Jasmine Clark,46,rubioashley@example.com,702-448-1717,39246
MEM-00493,Douglas Cox,57,jonesjennifer@example.com,874-472-1970x546,58281
MEM-00494,Ryan Crane,50,christopher68@example.com,809-303-8021x462,29736
MEM-00495,Joel Davis,20,imcdonald@example.com,312-716-6365,45383
MEM-00496,Katelyn Park DDS,75,shawn82@example.com,(835)990-9605,28474
MEM-00497,Sean Cisneros,23,onelson@example.org,521-646-1476,24628
MEM-00498,Anna Valenzuela,56,tabitha42@example.org,(567)378-2659x608,95229
MEM-00499,Lisa Morris,70,alexis72@example.com,816-448-0727x91033,79267
MEM-00500,Gregory Farley,21,woodmichael@example.com,381-477-6655x8685,60639
MEM-00501,Christopher Larson,77,qjames@example.net,+1-364-991-1110x96179,66477
MEM-00502,Amanda Roberts,47,xlewis@example.com,+1-861-237-1576,49606
MEM-00503,Katie Adams,62,kyle63@example.org,(800)502-5895x52963,81276
MEM-00504,Sandra Solis,46,oanderson@example.com,001-826-658-2631x2819,72971
MEM-00505,Frank Davis,59,kimcristina@example.net,(909)781-9602,24953
MEM-00506,Steven Phillips,46,jessicaroman@example.com,001-440-641-2091x17911,34841
MEM-00507,Anna Snyder,56,roberta36@example.org,606.217.1366x5722,23920
MEM-00508,Lynn Bond,30,daughertyvictoria@example.com,+1-298-402-8413x908,28852
MEM-00509,Ashley Robinson,75,dillon12@example.com,573-615-8477x686,23171
MEM-00510,Ryan Love,60,ygarcia@example.net,823-876-7694x5919,26678
MEM-00511,Jacqueline Chen,73,colepamela@example.net,896-449-8560x125,47391
MEM-00512,Daniel Watson,77,kimberlymartinez@example.com,001-505-537-9538x164,13990
MEM-00513,Michelle Shah,30,berrydebbie@example.net,001-965-453-3077x04611,79331
MEM-00514,James Ray,37,andrew90@example.com,626-608-8050x1716,42075
MEM-00515,Jennifer Hawkins,22,troy06@example.com,001-377-715-9103x002,90625
MEM-00516,Courtney Miller,52,lisa80@example.net,8406104145,92076
MEM-00517,Chad Murray,65,luishernandez@example.net,(671)688-3977x45731,93743
MEM-00518,Justin Salas,69,heatherjones@example.com,7305376371,77902
MEM-00519,Kayla Edwards,41,jeanette28@example.org,(535)367-9836,36917
MEM-00520,Michael Lynn,35,thomasnancy@example.net,930-772-4078,35310
MEM-00521,Joshua Gomez,55,edwardshaw@example.net,607-945-1066x34362,68477
MEM-00522,Michael Lucas,65,robinsonbrian@example.org,001-843-818-1439,51997
MEM-00523,Nicholas Suarez,62,tyler23@example.com,+1-749-340-1289x7432,22343
MEM-00524,Steven Thomas,39,waderonnie@example.org,(241)920-9579,32942
MEM-00525,Andrew Smith,24,mary88@example.org,001-921-214-5775x84745,46720
MEM-00526,Gene Holmes,67,rrodriguez@example.net,001-502-363-2570x3965,25908
MEM-00527,Jamie Rodriguez,56,natalie87@example.net,(545)256-9644,76459
MEM-00528,Gwendolyn Salazar,25,kpope@example.com,910-672-7284x9824,08970
MEM-00529,Alexis Williams,40,margaret10@example.com,306-650-0425x4882,19197
MEM-00530,Christina Richards MD,77,antoniofitzpatrick@example.org,+1-466-561-4494x29659,33271
MEM-00531,Julian Turner,44,evanssara@example.com,+1-726-961-2875,46925
MEM-00532,Jason Jenkins,44,gainesanthony@example.com,629-243-9852,99504
MEM-00533,Beth Santiago,40,haguirre@example.com,9107415914,08478
MEM-00534,Kevin Dixon,62,mileszachary@example.net,001-272-432-4407x9311,79641
MEM-00535,Kelly Wright,51,wellsmarissa@example.com,(301)846-7238x4979,19669
MEM-00536,Cathy Cardenas,61,georgeharmon@example.net,677.844.1975,51071
MEM-00537,Ashley Butler,62,shernandez@example.com,296-709-4097,18759
MEM-00538,Nathan Hill,77,michaelfoley@example.net,758.968.1225,94241
MEM-00539,Brenda Glover,53,sandra17@example.com,892.398.8425x9959,06389
MEM-00540,Nicholas Hall,40,portererin@example.com,001-933-712-6610x94101,80000
MEM-00541,Alyssa Thompson,25,halenicholas@example.net,001-583-434-7743,57394
MEM-00542,Rhonda Lee,69,sotoelizabeth@example.org,4209569815,25422
MEM-00543,Laura Wells,40,michael82@example.org,566.219.1284x117,79339
MEM-00544,Alison Nicholson,47,sandra46@example.net,(812)241-8938x984,72058
MEM-00545,Ashley Ruiz,28,denise05@example.com,235-702-3850x371,09776
MEM-00546,Linda Salazar,20,claytimothy@example.org,201-207-8356x743,03955
MEM-00547,Roberta Ferguson,52,vfleming@example.org,+1-470-366-2668,57904
MEM-00548,Luis Berger,57,james60@example.org,219.503.6890,07956
MEM-00549,Cameron White,51,edwardscarrie@example.org,529-967-1114x8375,93972
MEM-00550,Jacob Arnold,45,alisonadams@example.net,+1-381-505-6974,18475
MEM-00551,Kelly Torres,45,davidhardy@example.org,6378710704,39876
MEM-00552,Angela Ramirez,42,ysimpson@example.com,703.236.2680x408,80289
MEM-00553,Gabrielle Clayton,31,lisa93@example.org,696-460-1864x87699,50477
MEM-00554,Willie Allen,64,campbellfelicia@example.com,638-745-9609,35726
MEM-00555,Rachel Patrick,67,martinezashley@example.com,527-870-7070x578,08179
MEM-00556,Angela Prince,51,stephanie72@example.com,001-944-772-3229x03102,06000
MEM-00557,Crystal Lynn,23,theresa05@example.net,001-509-535-1187x181,43202
MEM-00558,Sandra Becker,62,maynancy@example.org,2594556574,48775
MEM-00559,Timothy Buck,39,rodriguezjason@example.com,889.353.6902x61139,69675
MEM-00560,Lisa Hopkins,42,mstewart@example.net,335-735-3751x3765,73961
MEM-00561,Suzanne Valdez,66,shanebarnes@example.net,(783)769-2944,15962
MEM-00562,Jason Lucero,23,xchen@example.org,(370)421-6487,04967
MEM-00563,Allison Jackson,48,andersonmichelle@example.com,(252)368-3415x59991,97330
MEM-00564,Tiffany Lozano,73,byang@example.com,001-772-929-8120x99576,23664
MEM-00565,Leah Duffy,56,halltrevor@example.org,001-788-498-6456,19270
MEM-00566,Tony Khan,31,russellramirez@example.net,315-542-1447x73244,87851
MEM-00567,Brendan Arnold,37,anthonyorr@example.net,+1-830-970-5349,68775
MEM-00568,Jesse Hardin,29,wallaceryan@example.com,424-715-1315,36691
MEM-00569,Nicolas Powers,78,mannleroy@example.org,(618)953-8003x29633,20349
MEM-00570,Mr. Jonathan Anderson,44,tapiamercedes@example.net,206.817.8932,90676
MEM-00571,James Silva,70,todd24@example.org,877-969-5874x1314,43151
MEM-00572,Jeffery Thompson,72,donna56@example.net,(577)896-3044,08470
MEM-00573,Erica Leonard,50,cmyers@example.com,(440)547-3504x7639,82458
MEM-00574,Walter Bishop,61,cassidysmith@example.net,5617558108,70686
MEM-00575,Christopher Nichols,22,kellymartin@example.com,463-683-0008x18670,40014
MEM-00576,Mark Watts,76,nelsondavid@example.com,+1-462-341-1186x0089,96953
MEM-00577,Jeanne Decker,40,kristen68@example.net,8446731497,56800
MEM-00578,Walter Hoffman,45,smitchell@example.net,536.907.6581x73906,48974
MEM-00579,Brian Collins,76,lisadaugherty@example.org,+1-923-579-3126,08225
MEM-00580,Darlene Collins,50,mary05@example.net,001-996-704-3878,85961
MEM-00581,Joel Webb,32,morseronald@example.org,(420)928-1237x1067,18833
MEM-00582,Kimberly Ross,57,david44@example.net,995-992-2483x95894,28107
MEM-00583,Tammy Cortez,29,frankespinoza@example.com,5565227104,91470
MEM-00584,Jimmy Davis,40,ewheeler@example.com,+1-883-650-3446x9459,74047
MEM-00585,Mary Jones,46,dakotarobinson@example.org,991-528-9659x994,22534
MEM-00586,David Robinson,52,douglasalvarez@example.org,810-828-7675x48138,51033
MEM-00587,Heather Roberson,65,alyssa93@example.org,+1-242-768-7741x8652,61590
MEM-00588,Hannah Coleman,70,patrickwhite@example.net,7373583094,48849
MEM-00589,Kathryn Smith,25,arthur47@example.com,9444090797,62556
MEM-00590,Maria Gardner,31,johnsonanthony@example.net,(722)316-1070,71815
MEM-00591,Samuel Rios,55,cookemily@example.com,001-429-658-0660x138,11506
MEM-00592,Andrew Franklin,32,vthompson@example.org,348-451-5791x9711,96124
MEM-00593,Evan Sims,50,wangkristina@example.org,+1-657-413-4324x0642,74561
MEM-00594,Darrell Lopez,21,gregoryphillips@example.net,841.475.9558x720,71011
MEM-00595,Wendy Hamilton,53,jared88@example.net,918-434-3740x182,61743
MEM-00596,Jacqueline Gray,58,morrisdaniel@example.com,6264755125,61690
MEM-00597,Nicole Gonzales,28,swatkins@example.com,001-367-834-5957x6403,56323
MEM-00598,Tiffany Morales,44,martingarrett@example.com,+1-983-892-2501x425,22172
MEM-00599,Matthew Gonzalez,72,kevinmiller@example.org,461.732.8507,13596
MEM-00600,Michael Hale,72,dbarnett@example.net,816.825.2654,70508
MEM-00601,John Yang,21,walkercharlotte@example.org,(555)280-9961x327,28187
MEM-00602,Brandon Cruz,57,ronaldmitchell@example.com,+1-870-246-2268x17151,21588
MEM-00603,Kenneth Cruz,18,psmith@example.net,(760)346-4197x8575,23941
MEM-00604,Ms. Janet Leonard,40,adamvaughan@example.net,001-643-289-7607,16432
MEM-00605,Julia Williams,65,johnny54@example.org,+1-642-245-6075,78590
MEM-00606,Nicholas Schmidt,53,fwright@example.net,522-976-4579,05827
MEM-00607,Jake Thomas,50,reyestina@example.org,546-260-2416x13944,49552
MEM-00608,Cindy Walls,26,julie24@example.net,+1-609-962-4406x30624,79023
MEM-00609,Madison Davis,42,andrewnguyen@example.org,+1-249-779-6958x678,45143
MEM-00610,Rodney Hernandez,22,sclark@example.org,+1-664-660-9178x51385,98917
MEM-00611,Michael Johnson,27,claudiacunningham@example.com,001-504-587-3682x69116,15001
MEM-00612,Cassandra Moore,34,wpierce@example.org,(994)655-1588x86367,59412
MEM-00613,Shane Ross,71,patelmatthew@example.com,+1-321-869-6663x0932,03493
MEM-00614,David Hudson,48,xcohen@example.org,001-796-488-3275x3273,38902
MEM-00615,Andre Lane,31,msanchez@example.com,927.381.9523,01403
MEM-00616,Melanie Russell,27,eatkins@example.com,781-898-0770x460,94430
MEM-00617,Lori Alexander,72,garciamelanie@example.net,001-912-956-5237x34151,99133
MEM-00618,David Phillips,41,crivera@example.net,794-690-2284x035,40695
MEM-00619,Brooke Walters,20,rmarquez@example.com,(522)694-6430,19947
MEM-00620,Deanna Griffith,51,kwoods@example.com,+1-929-885-8567x2872,02366
MEM-00621,Amy Walker,45,jeffreyramirez@example.net,535-777-9083,87564
MEM-00622,Mark Crane,73,nelsonsuzanne@example.net,+1-410-579-8334,30429
MEM-00623,Joy Williams,29,andrea13@example.net,928-940-3339,13381
MEM-00624,Rachael Flores,48,gonzalezdarren@example.org,331.989.3974x9096,84731
MEM-00625,Robert Mendez,29,qgay@example.com,+1-547-725-8784x448,36583
MEM-00626,Kathryn Garrett,72,rowlandsonya@example.com,6583772216,58591
MEM-00627,Michael Carson,43,kimberlyhines@example.org,484-558-7149x3925,52436
MEM-00628,Sarah Bishop,77,markblack@example.com,+1-796-943-4745x2455,40873
MEM-00629,James Butler,48,abrown@example.com,+1-827-740-3344x5056,73648
MEM-00630,Christina Lewis,33,ggates@example.org,525.679.7067,80023
MEM-00631,Amy Brown,79,joshua57@example.com,672-515-6229,74142
MEM-00632,David Armstrong,49,angela40@example.org,001-615-657-3257x37553,79618
MEM-00633,Allison Wilson,38,zsimmons@example.com,7809850960,37548
MEM-00634,Madison Navarro,19,mccannkimberly@example.net,(681)997-9316,59652
MEM-00635,Wendy Hernandez,63,charles95@example.com,460.669.4096x00356,29715
MEM-00636,Patricia Patel,18,kaylaandrews@example.com,001-292-432-3421x089,71289
MEM-00637,Benjamin Harrell,37,dominiqueharris@example.org,(243)935-0271x60736,57982
MEM-00638,Daniel James,40,davisgregory@example.net,001-381-723-1795x5633,63150
MEM-00639,Brian Bryant,68,jamesrobert@example.org,(754)216-4316x704,18947
MEM-00640,Cassandra Smith,22,donaldharrison@example.org,4934459626,68474
MEM-00641,Natalie Patrick,71,michaelbuckley@example.org,2732465495,43962
MEM-00642,John Moss,52,robinwilliams@example.com,001-998-822-1053x16117,70850
MEM-00643,Scott Pacheco,73,collinsterrance@example.com,(558)459-1779,29246
MEM-00644,Renee Thomas,48,pauljennifer@example.com,+1-613-434-2457x988,43485
MEM-00645,Matthew Riley,55,adkinslauren@example.net,7322020326,75485
MEM-00646,Dr. Cody Kane,72,nhayes@example.com,+1-948-971-4855x245,87434
MEM-00647,Scott Hines,54,bryan56@example.net,6824137118,46064
MEM-00648,Jeffrey Joyce,34,burchteresa@example.org,(283)723-0358x9298,71208
MEM-00649,Travis Schmidt,67,erik29@example.org,001-928-796-3406x46867,18342
MEM-00650,Elizabeth Jones,36,jason99@example.org,8628272362,78019
MEM-00651,Ruben Jones,35,donald61@example.net,001-392-937-2450x1848,30933
MEM-00652,Elizabeth Martinez,38,whernandez@example.net,340-364-1769x27438,96414
MEM-00653,Linda Cox,67,bcopeland@example.com,7143448564,02195
MEM-00654,Robert Sanchez,25,bwalker@example.net,317-389-9698x609,75949
MEM-00655,Vincent Allen,44,tochoa@example.net,2575798066,74809
MEM-00656,Mark Murphy,51,samantha07@example.com,(755)834-7057x423,99240
MEM-00657,Robert Kirk,49,cookchristina@example.net,454.811.6597,26997
MEM-00658,Michael Bell,80,whuang@example.org,(650)413-9488,52663
MEM-00659,Angela Davis,32,jphelps@example.net,285-562-6149x91537,72326
MEM-00660,Willie Johnson,78,marthalucero@example.org,973.920.4309,54833
MEM-00661,Yvette Lee,36,melaniecarpenter@example.net,001-764-754-6553,10598
MEM-00662,Brandy Heath,31,laurariley@example.org,978.951.9358x37490,65661
MEM-00663,Amy Forbes,32,castroangelica@example.org,(872)415-1494x097,52437
MEM-00664,Jesse Ryan,24,mark98@example.com,(389)350-9059,80959
MEM-00665,Jason Martin,61,johnguzman@example.org,(807)815-1169,50477
MEM-00666,Brenda Cooper,63,collinsgregory@example.com,371-624-6335x157,03174
MEM-00667,Amy Hawkins,60,cody08@example.org,4565409951,83925
MEM-00668,Catherine Robinson,56,collin29@example.com,001-227-328-2709,41351
MEM-00669,Ashley Vega,41,racheljimenez@example.net,(395)778-6718,32773
MEM-00670,David Roth,72,laurawilliams@example.org,591.681.5899x8868,42485
MEM-00671,Phillip Carter,76,ypowell@example.org,207.515.8796x4740,12190
MEM-00672,Kevin Mccullough,39,daniellestevenson@example.net,4047635806,89778
MEM-00673,Susan Garcia,32,patriciajoseph@example.org,001-237-539-9006x314,86955
MEM-00674,Sandra Joyce,68,xserrano@example.com,6225939469,86135
MEM-00675,Denise Vaughn,80,ycolon@example.com,574.390.6072,84072
MEM-00676,Christopher Moody,73,whitemark@example.net,364-984-4941x163,26818
MEM-00677,Zachary Harrison,76,rodriguezbenjamin@example.com,(911)236-9572,87385
MEM-00678,Pamela Lopez,27,jennywilliams@example.org,(854)425-7306,38748
MEM-00679,Courtney Burton,39,diane70@example.com,739-284-8228,15097
MEM-00680,Jennifer Ferguson,61,jennifermorris@example.org,(313)506-0906,82851
MEM-00681,Joshua Smith,75,ppineda@example.com,796-573-7945x7727,19428
MEM-00682,Nicholas Mccarty,30,kkidd@example.com,001-506-842-0768x3625,55700
MEM-00683,Julia Chavez,67,vford@example.com,+1-862-783-3339x39578,84911
MEM-00684,James Harrison,51,xevans@example.net,(803)435-8268x62703,36325
MEM-00685,Miss Patricia Davidson,48,edwardstewart@example.org,001-227-759-9801x1100,12290
MEM-00686,Steven Harris,47,susanparker@example.org,(495)497-7524x418,21899
MEM-00687,Joseph Montgomery,78,annafuller@example.net,431-227-1026x767,77332
MEM-00688,Sabrina Galvan,20,sethsmith@example.com,+1-595-751-5122x94621,38819
MEM-00689,Tiffany Miller,63,lsmith@example.com,(754)438-4807,07318
MEM-00690,Melody Baker,49,rmorgan@example.net,001-971-858-0290x90463,51408
MEM-00691,Michael Terry,28,michael86@example.com,001-352-754-8374x417,67189
MEM-00692,Allison Anderson,68,sanchezgregory@example.org,(393)411-0059,76883
MEM-00693,Shelby Murray,25,kristi19@example.org,5235121106,07054
MEM-00694,Jasmine Garrett,58,thomasgonzalez@example.com,+1-527-649-0728x012,19361
MEM-00695,Laura Lopez,45,warnercharles@example.org,532-269-4968x43645,86332
MEM-00696,Melinda Campbell,57,calvinbrown@example.com,001-609-761-7015x9591,59586
MEM-00697,Robert Wood,58,kathryn58@example.net,739.820.5677,61269
MEM-00698,Julie Hernandez,52,bbarnes@example.org,862-965-0622x92310,20148
MEM-00699,Craig Crawford,75,kevinmoses@example.net,333-379-7662x705,42874
MEM-00700,Lisa Thomas,61,alara@example.com,4426549691,45209
MEM-00701,Renee Shields,63,annette71@example.org,756.533.5357x485,17164
MEM-00702,Rachael Armstrong,26,jeanlynch@example.org,997.905.8162x9518,79484
MEM-00703,Theresa Luna,62,colekimberly@example.com,001-425-607-3305x597,42448
MEM-00704,Mr. Stephen Gonzalez,79,susanharper@example.org,403-688-4366x0443,03814
MEM-00705,Mathew Fisher,63,steven27@example.net,(682)497-5147x4397,77372
MEM-00706,Tyler Martinez,55,angela52@example.com,001-268-206-5625x9045,95236
MEM-00707,Bonnie Brown,68,taylorcurtis@example.org,001-231-855-5165x176,84625
MEM-00708,Melissa Kelley,23,olsenshane@example.org,001-443-430-8003x70033,66113
MEM-00709,James Walters,47,wsmith@example.com,206.781.0390x3397,92490
MEM-00710,Stephen Hicks,48,randyhernandez@example.org,+1-594-748-5862x3945,34624
MEM-00711,Matthew Hayes,72,pmorrison@example.net,663.721.0613x39439,61289
MEM-00712,Mark Knight,38,jay04@example.org,425.937.6576,63438
MEM-00713,Dominique Hatfield,67,chrisrodriguez@example.org,4903040476,07518
MEM-00714,Matthew Maddox,65,charles60@example.com,001-301-542-4731x07201,60170
MEM-00715,Lauren Grant,69,andrew97@example.org,001-223-216-6007x6762,86564
MEM-00716,Randy Campbell,20,jennifer34@example.org,+1-743-337-0096x87304,78888
MEM-00717,Robert Stephens,54,donna58@example.net,(755)662-9657,19851
MEM-00718,Nicole Simpson,69,bward@example.org,+1-442-755-7782x058,71307
MEM-00719,Natasha Rosales,20,tiffanysparks@example.net,(416)518-8081x9048,90155
MEM-00720,Frances Wilson,77,amy68@example.net,(939)456-1372x3081,09965
MEM-00721,Elizabeth Campos,49,marcia81@example.org,6009413211,16092
MEM-00722,Hunter Powell,37,matthew53@example.com,(999)879-9070x75504,99187
MEM-00723,Annette Barker,67,stacy70@example.com,3719748113,50288
MEM-00724,Dana Riggs,50,morrisangela@example.net,439.961.0290x871,36511
MEM-00725,Jasmine Buckley,50,kingdavid@example.net,527.942.0495x6121,64234
MEM-00726,James Garner,40,kelseywilliams@example.org,459.473.7112,97540
MEM-00727,Lisa Johnson,22,srichardson@example.com,8858816704,09274
MEM-00728,Dennis Fry,76,thomas83@example.org,702-619-2378,63137
MEM-00729,Richard Lopez,68,cwilson@example.org,224.326.0508,69256
MEM-00730,Lauren Smith,49,luissanchez@example.com,337.477.3126,87936
MEM-00731,Jordan Callahan,34,woodsveronica@example.org,001-823-265-3460,42507
MEM-00732,Alyssa Powers,29,peter93@example.net,(679)986-2398,10338
MEM-00733,Andre Jones,49,bushkimberly@example.net,7546647548,62093
MEM-00734,Jasmin Pitts,69,taylordavis@example.com,588-591-4444x98355,46181
MEM-00735,Cheryl Rogers,23,mramirez@example.com,+1-439-324-3588x53798,95474
MEM-00736,Doris Wright,60,isaac75@example.org,(874)897-8524x9141,00929
MEM-00737,Robert Scott,52,jgibson@example.net,889-863-4067x917,41545
MEM-00738,Christopher Ward,52,williamschad@example.org,+1-284-221-6309,15106
MEM-00739,Marcus Ramirez,25,oallen@example.net,+1-494-885-3208x953,27127
MEM-00740,Alicia Martin,50,lisa11@example.org,(833)979-2234x10346,28470
MEM-00741,Ryan Ortiz,73,vramos@example.com,+1-960-884-3768x550,58459
MEM-00742,Jacqueline Warner,69,zjackson@example.org,955.264.3436,90480
MEM-00743,Dana Wolfe,41,bmarquez@example.com,001-355-860-7676,33914
MEM-00744,Derrick Buck,21,timothy23@example.net,+1-289-683-0650x3121,10889
MEM-00745,Dawn Hernandez,63,micheleramirez@example.org,264.428.1319,38281
MEM-00746,Teresa Jacobson,66,andreali@example.net,001-411-414-2817x852,32698
MEM-00747,Erika Jackson,30,william08@example.net,7626207223,61109
MEM-00748,Christopher Rodriguez,71,fernandoobrien@example.org,862-904-7876,85350
MEM-00749,Heather Jacobs,58,hwalton@example.com,(687)320-3195,79720
MEM-00750,Janet Evans,32,edwardsjames@example.org,462.279.2463,30263
MEM-00751,Dawn Ross,52,nwatson@example.com,(760)932-1450,51167
MEM-00752,Shelby Miller,32,michael88@example.com,2713553482,19629
MEM-00753,Kristina Brown,61,crystalwatson@example.com,(959)975-9545x0891,57308
MEM-00754,Amanda Maxwell,42,lutzeric@example.com,674-222-3196x46300,17925
MEM-00755,Keith Butler,54,ronaldcarroll@example.org,4129047137,15474
MEM-00756,Joe Lam,63,melissa49@example.net,+1-555-582-9849,03414
MEM-00757,Dillon Case,50,victor60@example.net,741-828-3337x2188,97825
MEM-00758,Keith Evans,43,franciscoolson@example.net,250-766-6267,49047
MEM-00759,David Koch,72,zreilly@example.net,466.734.3925,78285
MEM-00760,Bradley Miller,71,hernandezroy@example.org,001-320-207-2024x559,22156
MEM-00761,Erin Williams,56,mcneilchristina@example.org,(367)614-9498,18669
MEM-00762,Larry Green,56,crawfordjeffrey@example.com,6658277584,55285
MEM-00763,Cynthia Rollins,20,elizabeth33@example.com,(920)410-9121,20073
MEM-00764,Diane Cook,63,beth76@example.com,889-543-7052,45732
MEM-00765,Andre Farrell,78,perry77@example.net,(357)925-6592x0246,44351
MEM-00766,Stephen Allen,24,mkrueger@example.net,(260)305-5955,63782
MEM-00767,Tracy Harris,29,marvinhopkins@example.net,001-684-986-8999x3607,06335
MEM-00768,Albert Lawrence,67,wellsnatalie@example.com,+1-693-859-3744x039,35283
MEM-00769,Daryl Walker,65,aallen@example.com,2149886084,76545
MEM-00770,Matthew Roberts,48,wyattsara@example.com,+1-552-983-0615,03212
MEM-00771,Timothy Simon,60,dianepowers@example.com,(363)325-1448,20891
MEM-00772,Sarah Smith,71,camerontownsend@example.com,(317)951-8878,88056
MEM-00773,Rachel Kelly,27,gomezpaul@example.org,+1-440-591-1225,63243
MEM-00774,Nicole Bell MD,62,bsparks@example.org,763.723.9791x37876,26599
MEM-00775,Amanda Lopez,68,andre55@example.com,001-905-971-2198x8192,73060
MEM-00776,Molly Peterson DDS,47,hartmandanielle@example.org,786-840-1042x4624,10252
MEM-00777,Helen Jimenez,36,richard04@example.com,(312)689-9151,44250
MEM-00778,Caleb Ray,74,halljoshua@example.net,001-381-789-8484x16046,35765
MEM-00779,Breanna Davis,44,rodriguezthomas@example.com,(468)314-2983x152,83186
MEM-00780,Julie Daniel,19,garybernard@example.net,836.508.4937x83063,69678
MEM-00781,Chad Beltran,29,sbartlett@example.com,891.564.9701,98383
MEM-00782,Carl Lopez,31,coffeyjohn@example.net,3332016234,85940
MEM-00783,Brian Horton,36,nrodriguez@example.com,(921)555-6684,83738
MEM-00784,James Lopez,73,tracyavery@example.com,6405672007,54686
MEM-00785,Dustin Campbell,52,ronaldsmith@example.net,997-854-3734,35843
MEM-00786,Daniel Conway,67,normandeanna@example.com,388.621.4584,86784
MEM-00787,Emily Powell,65,bradleynicole@example.org,743-889-9827x8020,74943
MEM-00788,John Lopez,34,jennifer64@example.net,593-569-9951x679,43062
MEM-00789,George Ruiz,21,amandasnyder@example.com,+1-501-919-2360,54549
MEM-00790,Nancy Garcia,79,ohiggins@example.net,335.610.4096,84782
MEM-00791,Joanna Clark,50,sandra91@example.org,898-730-7482x073,13620
MEM-00792,Kevin Buckley,47,aaron55@example.com,+1-420-519-0432,97163
MEM-00793,Christopher Wilcox,28,davidmurray@example.net,439.920.1354x621,50057
MEM-00794,James Patel,19,wrodriguez@example.org,712.961.6324,21131
MEM-00795,Linda Guerrero,42,stephaniecoleman@example.net,945.349.3036x468,76706
MEM-00796,Michael Lester,22,jillianferguson@example.org,+1-576-492-0828,32021
MEM-00797,Katie Lawson,28,allenandrea@example.com,581.344.5822x06732,68390
MEM-00798,Jeremy Henderson,56,rojasmarc@example.org,+1-345-500-0000x15291,63517
MEM-00799,Annette Bowers,23,brian90@example.net,(455)361-8444,72036
MEM-00800,Lindsay Ray,74,hmitchell@example.org,(224)889-0567,61752
MEM-00801,Kyle Smith,55,nina65@example.net,615-584-8266x91362,42659
MEM-00802,Anthony Collins,31,kristenbennett@example.org,+1-907-706-3369,02728
MEM-00803,Paula Benton,49,davidbrown@example.org,664-481-8804,72259
MEM-00804,Kathleen Galvan,24,nicholasgallagher@example.net,+1-616-843-2126x9428,39506
MEM-00805,David Barnes,28,michealhardy@example.net,(631)244-1706x46255,24957
MEM-00806,Daryl Lowe,72,amy24@example.org,001-201-576-4644x8988,96285
MEM-00807,David Terry,34,mariahill@example.net,(579)505-0404,28830
MEM-00808,Phillip Kelly,80,brenda16@example.net,321.211.9787,79990
MEM-00809,Daisy Davis,43,travistaylor@example.net,830-260-1198x75617,01899
MEM-00810,Christine Johnson,37,willismatthew@example.com,982-998-0365,35089
MEM-00811,Samantha Carlson,69,nrangel@example.net,365.395.2014,69439
MEM-00812,Laura Rodriguez,58,jeremiah68@example.com,509-926-3223x99821,36548
MEM-00813,Jason Davis,67,dominguezmeredith@example.com,(988)860-5053,56687
MEM-00814,Richard Williams,20,wilsondavid@example.org,3302835669,51132
MEM-00815,Jesus Flores,37,corythompson@example.org,955-806-8826x917,74081
MEM-00816,Brenda Clark,21,kelly01@example.org,880-287-3543x7882,28283
MEM-00817,James Ramsey,36,garciamitchell@example.net,001-409-208-5991x449,94171
MEM-00818,Wendy Aguilar MD,58,kwang@example.com,001-548-499-7184x28596,43801
MEM-00819,Elizabeth Barton,30,ashley32@example.org,223-842-6698,82056
MEM-00820,Wanda Kennedy,18,dbowman@example.com,5727348389,88338
MEM-00821,Susan Santos,33,dianehoffman@example.org,805-761-2996x5082,71869
MEM-00822,Jessica Adams,77,wberry@example.com,+1-713-308-7612x3859,33522
MEM-00823,Paula Ross,18,johnhogan@example.com,340.202.7300x86966,15808
MEM-00824,Pamela Gordon,25,millerjames@example.net,200-916-8094x14915,53950
MEM-00825,Shari Boyd,32,omay@example.org,6538440777,21775
MEM-00826,Tommy Mcclure,72,ahines@example.net,(892)250-8177,21599
MEM-00827,Tara Jones,21,andrew88@example.com,733-437-3125,27058
MEM-00828,Tyler Rodriguez,48,marshalljamie@example.org,+1-911-992-0613x63852,72081
MEM-00829,Haley Martinez,23,sethvance@example.net,244-390-2950x2648,57013
MEM-00830,Zachary Young,71,evelyncollier@example.com,981.427.7822x1021,13914
MEM-00831,Debbie Arias,50,ijackson@example.com,001-779-873-6383x1828,04322
MEM-00832,Kenneth Cole,41,vasquezjacqueline@example.net,001-266-717-7067x3682,00796
MEM-00833,Charles Hopkins,24,henrysoto@example.com,+1-321-465-0587x14692,10036
MEM-00834,Mrs. Laura Novak,56,grantamanda@example.net,736-299-8480x220,79821
MEM-00835,Crystal Wilkinson,74,mproctor@example.net,001-348-642-4959x881,45954
MEM-00836,Joshua Ellis,33,dominguezscott@example.com,(438)267-6738,81186
MEM-00837,James Miller,33,ballelizabeth@example.com,498.776.8299x6872,68149
MEM-00838,Kathleen Brady,72,erin06@example.net,(735)904-0566,75106
MEM-00839,Michael Jackson,77,kimberlycooper@example.com,642-486-7963x259,84164
MEM-00840,Trevor Sutton,46,kristine33@example.net,001-715-962-4152,23818
MEM-00841,Gwendolyn Jackson,67,richardlawrence@example.net,858.795.1381,48447
MEM-00842,Matthew Stone,46,jherring@example.com,6953744303,89030
MEM-00843,Samantha Jones,44,sloancarol@example.org,7385593401,52212
MEM-00844,Frederick Chavez,38,maria31@example.org,001-225-293-6781x3675,81866
MEM-00845,Ryan Terry,52,campbellkayla@example.org,9522769819,79808
MEM-00846,Bonnie Woods,80,michael38@example.net,+1-256-722-5866,76990
MEM-00847,Rebecca Cole,57,kramirez@example.org,458.454.8596x5594,40417
MEM-00848,Susan Ponce,55,bduke@example.org,3005245393,17688
MEM-00849,Samantha Esparza,48,lloydmiranda@example.org,405.357.0836,37713
MEM-00850,Samuel Warren,30,ncruz@example.net,427.736.7746x2025,38238
MEM-00851,Tyler Fox,61,jasminemorton@example.org,001-823-212-3920x4910,12277
MEM-00852,Jennifer Burns,72,jenniferford@example.org,+1-727-968-1722,61352
MEM-00853,Paul Cox,62,timothy62@example.net,5523918768,51946
MEM-00854,Sean Higgins,55,brewergregory@example.com,+1-533-873-9920x52229,22939
MEM-00855,Morgan Lloyd,67,bowmanjoel@example.net,(732)655-3983,35468
MEM-00856,John Newman,45,zrobinson@example.com,930-295-4497x9127,24984
MEM-00857,Jessica Martin,78,john97@example.net,313.475.2988x3220,48251
MEM-00858,Richard Roy,60,glenware@example.com,001-787-497-8889x75358,31538
MEM-00859,Jennifer Brown,78,harrisjoshua@example.com,761.499.5171,28032
MEM-00860,Laura Mcfarland,48,johnsonedward@example.net,(595)201-4374,80727
MEM-00861,Susan Ray,21,rmiller@example.net,919.812.6022x1321,61653
MEM-00862,Brenda Wilson,61,wilsonpatrick@example.org,(920)519-0725,26446
MEM-00863,Nicole Lewis,38,ashley66@example.com,680.427.4812,13668
MEM-00864,Alexander Hansen,32,igarrett@example.com,2955229462,92333
MEM-00865,Wendy Bell,47,efranco@example.net,001-303-499-5297x0137,36606
MEM-00866,Timothy Dunn,66,paul23@example.org,912-502-7061x592,73577
MEM-00867,Antonio George Jr.,62,reynoldsmichelle@example.org,(232)524-8155x42034,08188
MEM-00868,Luis Velez,25,kfrye@example.net,856.449.1579x554,32757
MEM-00869,Ryan Taylor,75,steven01@example.org,+1-501-381-0306,59395
MEM-00870,Phillip Davis,27,rodneywilliams@example.org,215.871.2901x50713,59871
MEM-00871,Anthony Marquez,80,christopher04@example.com,747.743.6213x00962,59066
MEM-00872,Jeffrey King,47,harrisanna@example.com,839.462.7466,10846
MEM-00873,Austin Allen,27,hollyalvarez@example.org,2463661459,15768
MEM-00874,Kevin Estrada,74,sloanbenjamin@example.net,+1-349-738-8194x9053,23061
MEM-00875,Leroy Shaw,71,deborah97@example.com,+1-687-331-3797x166,54356
MEM-00876,Tina Hernandez,60,dmitchell@example.com,694.333.2562x3899,80526
MEM-00877,Adrian Dawson,22,frederick62@example.org,870.287.8211,21257
MEM-00878,Mary Mccoy,31,cody81@example.org,(299)689-8972x117,87203
MEM-00879,Robin York,25,tshannon@example.net,(921)775-8839,57866
MEM-00880,Kimberly Brown,18,greenbrandon@example.com,971-623-6914x96112,22173
MEM-00881,Jessica Mckee,25,stevengoodwin@example.net,+1-770-840-9531x41961,06270
MEM-00882,Juan Wright MD,35,mathewbennett@example.org,001-579-662-4096x49668,80691
MEM-00883,Derek Hunt,46,calvinsmith@example.net,516-622-5936x48820,70574
MEM-00884,Michael Perez,75,beardderrick@example.com,(672)387-9916x0911,28609
MEM-00885,Mrs. Stephanie Gamble MD,36,yolandamarks@example.net,(313)837-6052x30458,44075
MEM-00886,Melody Kent,20,rebecca44@example.com,(641)691-6503,04204
MEM-00887,Jennifer Bruce,58,ecampos@example.net,282-849-8980,61020
MEM-00888,Brianna Nelson,50,hnelson@example.org,559.826.6486,91789
MEM-00889,Jessica Conrad,39,sbradley@example.org,759-545-0119x29207,91856
MEM-00890,Stacy Williams,57,joneschristian@example.net,001-303-698-8636x5362,43447
MEM-00891,Anthony Washington,51,johnsondiana@example.net,824-889-4204x6648,65709
MEM-00892,Gabriel Graham,34,alexisgibbs@example.com,265-877-5809x74533,17652
MEM-00893,Richard Scott,46,yliu@example.org,+1-226-254-0165x9953,91568
MEM-00894,Jessica Foley,71,thompsonkelly@example.com,(677)346-2591x60112,12598
MEM-00895,William Gordon,37,amanda86@example.org,9804179867,26175
MEM-00896,Carrie Larson,56,scott04@example.com,(264)526-1212,69806
MEM-00897,Nicolas Wilkerson,48,jeremy59@example.net,(380)578-5254x8242,66490
MEM-00898,David Robles,67,brandon64@example.com,+1-654-975-2311x2327,89914
MEM-00899,Morgan Lucero,42,xgonzales@example.com,001-933-742-7203x88621,94114
MEM-00900,Joshua Solis,33,lawsonpaul@example.org,4456306935,82306
MEM-00901,Erin Perez,42,alexander18@example.org,001-667-678-4816x524,88322
MEM-00902,Deborah Simmons,64,lorikoch@example.net,779-593-7810,84865
MEM-00903,Bridget Bryant,54,morgan69@example.net,001-769-988-2904,76362
MEM-00904,Sara Garcia,48,qbecker@example.com,401.598.6424,73474
MEM-00905,Leslie Martin,33,johnsparks@example.org,287-506-2932,22492
MEM-00906,Andrew Wilson,27,jerrysmall@example.org,986-876-6100,16452
MEM-00907,Bradley Phillips,57,patrick14@example.org,001-438-545-3198x0746,41770
MEM-00908,Sean Chapman,21,johnsonjames@example.org,262.205.4596x715,57636
MEM-00909,Steven Price,65,christopher06@example.com,611-934-0785x1699,06000
MEM-00910,Alexis Mejia,37,russellkelley@example.com,+1-826-989-9962,02522
MEM-00911,Kimberly Grant,39,kennedywanda@example.net,+1-979-815-0596x2571,03564
MEM-00912,Cynthia Johnson,18,andersonnicole@example.com,789.482.6041x809,10048
MEM-00913,Heather Dixon,62,murraystephen@example.net,427-646-9211,12546
MEM-00914,Leslie Case,65,kadams@example.org,+1-375-789-1704x542,89763
MEM-00915,John Conley,44,ryan82@example.org,001-322-857-0900,29278
MEM-00916,Stephanie Ortiz,38,stevensjason@example.org,972-482-8954x001,21592
MEM-00917,Michelle Allen,47,victoriajones@example.net,001-450-971-0580x11950,14815
MEM-00918,Miss Emily Simmons,69,manningjeremy@example.com,7922300716,01104
MEM-00919,Dawn Haynes,43,wileyaudrey@example.com,+1-554-832-9876,45670
MEM-00920,David Frye,22,gutierrezjessica@example.net,001-282-473-4813x1045,46611
MEM-00921,Mary Powell,69,caseystafford@example.org,001-857-248-3526x8064,98193
MEM-00922,Cory Kelley,28,patricia88@example.org,+1-242-753-6462,44278
MEM-00923,Robert Mcintosh,30,longshane@example.com,(715)762-3920x908,14544
MEM-00924,Mark Collins,79,wadecarol@example.org,411-778-6190,39158
MEM-00925,Jill Price,26,garyjohnson@example.net,+1-753-754-1201x227,08302
MEM-00926,Scott Malone,34,millerdaniel@example.org,001-325-994-7950x7407,92799
MEM-00927,Carl Larson,44,galvanjeanette@example.net,+1-350-231-0064x93403,36864
MEM-00928,Todd Johns,37,nwilliams@example.net,001-741-718-4913x59928,98810
MEM-00929,James Bradley,18,brandonhughes@example.org,8672990069,10159
MEM-00930,Michelle Woods,44,osbornepaula@example.com,942.933.9449x53006,49912
MEM-00931,Sarah Cook,57,robinsoncynthia@example.org,673-365-4262,60712
MEM-00932,Catherine Brown,78,dorisarmstrong@example.org,234.851.1009,89206
MEM-00933,David Walsh,77,pdixon@example.org,(211)666-7329,89412
MEM-00934,William Barr,18,karen98@example.net,259.521.2996x426,31993
MEM-00935,Robert White,19,dyerdonald@example.com,(382)314-7709x207,45622
MEM-00936,Courtney Walton,30,whiteryan@example.org,992-215-8189,90468
MEM-00937,Brandon Rodriguez,50,gordonjason@example.com,288-219-5977x21688,98859
MEM-00938,Gina Young DDS,57,carloswerner@example.net,(289)372-8454,67860
MEM-00939,Nathan Woods,26,brownandrea@example.net,582-432-2041x4474,98714
MEM-00940,Nicole Jones,29,barbara30@example.net,(402)403-0423,94471
MEM-00941,Ian Arias,50,sanchezjennifer@example.org,001-528-916-5064x63005,60390
MEM-00942,James Richards,73,davidjones@example.org,+1-529-316-1746x9029,04324
MEM-00943,Ryan Harmon,69,carl66@example.org,(291)731-6708,53698
MEM-00944,Isabella Randall,62,wstevens@example.org,(636)621-9865x5049,39888
MEM-00945,Jessica Reynolds,50,gailjacobs@example.org,001-439-465-0496x273,51008
MEM-00946,Stephen Wilson,64,tanya43@example.com,+1-325-885-4218x80879,19836
MEM-00947,Misty Solomon,63,barrettashley@example.com,733-585-3247x250,29980
MEM-00948,Travis Avery,58,lambjohn@example.org,001-658-976-0545x769,43862
MEM-00949,Jennifer Joseph,32,jennifer53@example.com,865.397.4669,56980
MEM-00950,Douglas Miller,69,justin08@example.net,8954948152,42849
MEM-00951,Jacqueline James,68,megan21@example.org,4748235914,16562
MEM-00952,Donna Cuevas,37,debra93@example.org,(861)545-4307,86718
MEM-00953,Courtney Woodward,52,johnsondebbie@example.net,978-352-2115,73505
MEM-00954,Christopher Cox,60,jocelyn26@example.net,744.470.1732x086,29672
MEM-00955,Julie Anderson,65,uross@example.com,437.901.4005,70887
MEM-00956,Timothy Richardson,24,johnsonsamantha@example.com,+1-522-314-2573x16094,29024
MEM-00957,Kendra Burton,22,snyderfrank@example.org,813.469.5528,94983
MEM-00958,Matthew Johnston,77,wbowers@example.org,001-459-253-3222x7393,38161
MEM-00959,John Steele,44,kimberlyperez@example.org,(461)885-0761x08708,80079
MEM-00960,Dr. Phillip Roman PhD,51,patrickgarcia@example.com,426-315-8388,65118
MEM-00961,Sarah Graham,23,amanda46@example.com,457.442.2332,93833
MEM-00962,Madison Webster,55,jon25@example.net,+1-292-822-5606x29535,32252
MEM-00963,Madison Bowen,61,carlholland@example.net,7465741307,73755
MEM-00964,Patricia Delgado,67,eddie13@example.com,(760)884-6397,08792
MEM-00965,Donald Alvarez,47,lucas91@example.org,+1-215-316-4119x5564,76028
MEM-00966,Leslie Lewis,35,shannon75@example.org,2703204262,82126
MEM-00967,Kathleen Taylor,33,hernandezcharles@example.org,001-836-296-7897,74739
MEM-00968,Karen Jones,61,ehenry@example.org,992-827-6075,46692
MEM-00969,Mark Clark,49,james91@example.net,001-465-343-0895x23120,77321
MEM-00970,Ryan Hampton,25,raguirre@example.com,001-974-870-0026,40631
MEM-00971,Maurice Graham,54,cevans@example.net,241.863.6560x450,32517
MEM-00972,Michael Harrison,75,chapmanpaul@example.com,001-769-427-7119,75121
MEM-00973,Courtney Harris,65,brittney02@example.com,(712)682-7636x431,69250
MEM-00974,Kristin Hudson,71,cheryl54@example.com,+1-863-545-4434x41491,99195
MEM-00975,Sandra Duffy,64,joshua74@example.org,001-546-240-8822,78268
MEM-00976,Jason Jacobs,23,ncummings@example.net,+1-488-394-1321x09720,63250
MEM-00977,Karen Turner,53,james65@example.com,892.320.3004x4964,19949
MEM-00978,Courtney Brown,26,thomasjo@example.com,821-537-5658,43855
MEM-00979,Lori Franco,55,petersrussell@example.org,001-693-714-5843,52477
MEM-00980,Bradley Walker,29,brandon34@example.org,662.420.3347,35251
MEM-00981,Matthew Smith,59,elizabethklein@example.com,368.900.8529x46902,57930
MEM-00982,Amy Baker,54,turnermckenzie@example.org,(638)850-2289,51729
MEM-00983,Jerry Rogers,19,jamesanderson@example.org,+1-230-520-2569x133,03380
MEM-00984,David Mcdonald,24,grossdavid@example.com,250.476.2799x553,36938
MEM-00985,Christine Miller,23,reneenavarro@example.net,001-347-223-0342x02847,12411
MEM-00986,Christopher Martin,41,kellyibarra@example.org,464.687.1775x461,07060
MEM-00987,Mark Perez,48,rmoore@example.com,+1-825-681-2259x0956,93904
MEM-00988,Jonathon Stevenson,22,toddburton@example.com,001-912-212-1101,31395
MEM-00989,Vickie Tran,22,caldwellpatricia@example.org,607.740.3925x199,23858
MEM-00990,Nancy Merritt,25,snydergerald@example.org,464.333.8722x0542,49742
MEM-00991,Michael Cohen,67,brittany63@example.org,001-908-733-4447x0488,02040
MEM-00992,Alex Martin,55,christina68@example.net,(519)453-7749x266,78847
MEM-00993,Jennifer Adams,75,emorse@example.com,(725)392-0616,19081
MEM-00994,Brandi Valdez,24,edwardmitchell@example.org,463-802-9559x63637,23092
MEM-00995,Miranda Beck,78,bradbennett@example.com,+1-249-680-8513x31380,75722
MEM-00996,Sarah Bush,78,calebday@example.org,(412)815-4815,71730
MEM-00997,Jonathan Morales,43,garciabrandi@example.net,948-980-6442x00629,84161
MEM-00998,Dana Edwards,45,kimberly66@example.com,(441)496-2342x1926,10344
MEM-00999,Alan Vaughn,26,mitchellcheryl@example.net,914.478.9117,53749
MEM-01000,Linda Austin,24,pearsonwillie@example.org,480-203-6660,08678
